Center1,Center2,Radius
2.000000,2.000000,3.6055514.500000,2.500000,2.549510
1.000000,2.000000,2.236068
5.000000,0.000000,0.000000
4.000000,3.000000,1.000000
1.500000,3.000000,1.500000
1.000000,0.000000,1.000000
2.500000,2.500000,0.707107
0.500000,3.000000,0.500000
